[{
    "name":"kanna@gmail.com",
    "passw":"123123",
    "personalName":"Kannathal",
    "phone":"8870994021",
    "dob":"22/09/1997",
    "skills":["java","angular"],
    "badge":["HTML","CSS","JS"],
    "ind":"1",
    "domain":"java"

},
{
    "name":"kannathal@gmail.com",
    "passw":"123123",
    "personalName":"Kanna",
    "phone":"8871284021",
    "dob":"22/09/1997",
    "skills":["Bootstrap","SQL"],
    "badge":["JS","HTML","SQL"],
    "ind":"2",
    "domain":"anglaur"
},
{
    "name":"mru@gmail.com",
    "passw":"123123",
    "personalName":"Mrudhula",
    "phone":"9860994021",
    "dob":"22/09/1997",
    "skills":["Type Script","Ruby"],
    "badge":["HTML","CSS","JS"],
    "ind":"3",
    "domain":"bootsrap"
}]