[{
    "name":"alamu@gmail.com",
    "passw":"123123",
    "personalName":"alamu",
    "phone":"8870994021",
    "dob":"22/09/1997",
    "skills":["java","angular"],
    "badge":["HTML","CSS","JS"],
    "ind":"1",
    "fees":"12000",
    "domain":"Java",
    "Rank":"3"
},
{
    "name":"madhav@gmail.com",
    "passw":"123123",
    "personalName":"Madhavan",
    "phone":"9470994021",
    "dob":"22/09/1997",
    "skills":["Bootstrap","SQL"],
    "badge":["JS","HTML","SQL"],
    "ind":"2",
    "fees":"12000",
    "domain":"Angular",
    "Rank":"1"
},
{
    "name":"arun@gmail.com",
    "passw":"123123",
    "personalName":"Arun",
    "phone":"9870994021",
    "dob":"22/09/1997",
    "skills":["Type Script","Ruby"],
    "badge":["HTML","CSS","JS"],
    "ind":"3",
    "fees":"12000",
    "domain":"SQL",
    "Rank":"2"
}
]